Airport Code(Deprt.),Tail Number,Departure Date
DFW,502,12/1/2017
DFW,502,12/2/2017
DTW,502,12/3/2017
MCO,502,12/4/2017
PHL,502,12/5/2017
BWI,502,12/6/2017
BOS,502,12/7/2017
BWI,502,12/8/2017
LAS,502,12/9/2017
BWI,502,12/10/2017
BOS,502,12/11/2017
EWR,502,12/12/2017
IAH,502,12/13/2017
LAS,502,12/14/2017
ORD,502,12/15/2017
ORD,502,12/16/2017
ORD,502,12/17/2017
DFW,502,12/18/2017
DTW,502,12/21/2017
MCO,502,12/22/2017
LAX,502,12/23/2017
PHL,502,12/24/2017
PHL,502,12/25/2017
PHL,502,12/26/2017
DTW,502,12/27/2017
MCO,502,12/28/2017
PBI,502,12/29/2017
FLL,502,12/30/2017
MSY,502,12/31/2017
FLL,503,12/1/2017
MSY,503,12/2/2017
BOS,503,12/3/2017
DTW,503,12/4/2017
SAN,503,12/5/2017
PHL,503,12/6/2017
PHL,503,12/7/2017
ACY,503,12/8/2017
PHX,503,12/9/2017
ACY,503,12/10/2017
SAN,503,12/11/2017
PHL,503,12/12/2017
BWI,503,12/13/2017
IAH,503,12/14/2017
LAS,503,12/15/2017
TPA,503,12/16/2017
PIT,503,12/17/2017
BOS,503,12/18/2017
ACY,503,12/19/2017
LAX,503,12/20/2017
BWI,503,12/21/2017
CAK,503,12/22/2017
MCO,503,12/23/2017
MSY,503,12/24/2017
LAS,503,12/25/2017
ORD,503,12/26/2017
BWI,503,12/27/2017
BOS,503,12/28/2017
BWI,503,12/29/2017
BOS,503,12/30/2017
BWI,503,12/31/2017
CAK,504,12/1/2017
MCO,504,12/2/2017
ORD,504,12/3/2017
ORD,504,12/4/2017
DFW,504,12/6/2017
DTW,504,12/7/2017
MCO,504,12/8/2017
EWR,504,12/9/2017
LAS,504,12/10/2017
ORD,504,12/11/2017
BWI,504,12/12/2017
MCO,504,12/13/2017
FLL,504,12/14/2017
MSY,504,12/15/2017
LAS,504,12/16/2017
BWI,504,12/17/2017
BOS,504,12/18/2017
BWI,504,12/19/2017
BOS,504,12/20/2017
BWI,504,12/21/2017
BWI,504,12/22/2017
BOS,504,12/23/2017
BWI,504,12/24/2017
BWI,504,12/25/2017
EWR,504,12/26/2017
LAS,504,12/27/2017
TPA,504,12/28/2017
LAS,504,12/29/2017
ORD,504,12/30/2017
BWI,504,12/31/2017
MSY,505,12/1/2017
LAS,505,12/2/2017
BWI,505,12/3/2017
BOS,505,12/4/2017
BWI,505,12/5/2017
BWI,505,12/6/2017
BWI,505,12/7/2017
CAK,505,12/8/2017
MCO,505,12/9/2017
ORD,505,12/10/2017
BWI,505,12/11/2017
BOS,505,12/12/2017
EWR,505,12/13/2017
MCO,505,12/14/2017
ORD,505,12/15/2017
DFW,505,12/16/2017
DTW,505,12/17/2017
MSY,505,12/18/2017
LAS,505,12/19/2017
BWI,505,12/20/2017
LAS,505,12/21/2017
ORD,505,12/22/2017
ORD,505,12/23/2017
DTW,505,12/26/2017
MCO,505,12/27/2017
FLL,505,12/28/2017
SAN,505,12/29/2017
PHL,505,12/30/2017
IAG,505,12/31/2017
BWI,506,12/1/2017
BWI,506,12/2/2017
BOS,506,12/3/2017
BWI,506,12/4/2017
BWI,506,12/5/2017
EWR,506,12/6/2017
MCO,506,12/7/2017
FLL,506,12/8/2017
FLL,506,12/9/2017
BOS,506,12/10/2017
DTW,506,12/11/2017
SAN,506,12/12/2017
PHL,506,12/13/2017
PHL,506,12/14/2017
ACY,506,12/15/2017
SAN,506,12/16/2017
PHL,506,12/17/2017
BWI,506,12/18/2017
BOS,506,12/19/2017
EWR,506,12/20/2017
CAK,506,12/21/2017
MCO,506,12/22/2017
ORD,506,12/23/2017
ORD,506,12/24/2017
ORD,506,12/25/2017
IAH,506,12/26/2017
IAH,506,12/27/2017
LAS,506,12/28/2017
ORD,506,12/29/2017
DFW,506,12/30/2017
DTW,506,12/31/2017
LAS,507,12/1/2017
BWI,507,12/2/2017
BWI,507,12/3/2017
EWR,507,12/4/2017
CAK,507,12/5/2017
MCO,507,12/6/2017
MSY,507,12/7/2017
LAS,507,12/8/2017
ORD,507,12/9/2017
ORD,507,12/10/2017
DFW,507,12/11/2017
DTW,507,12/12/2017
MCO,507,12/13/2017
CAK,507,12/14/2017
MCO,507,12/15/2017
CAK,507,12/16/2017
MCO,507,12/17/2017
FLL,507,12/18/2017
ORD,507,12/19/2017
BWI,507,12/20/2017
BOS,507,12/21/2017
BWI,507,12/22/2017
BWI,507,12/23/2017
IAH,507,12/24/2017
LAS,507,12/25/2017
TPA,507,12/26/2017
LAS,507,12/27/2017
BWI,507,12/28/2017
BWI,507,12/29/2017
BWI,507,12/30/2017
BWI,507,12/31/2017
PHX,508,12/1/2017
SAN,508,12/2/2017
LIM,508,12/3/2017
ACY,508,12/4/2017
BOS,508,12/5/2017
ACY,508,12/6/2017
SAN,508,12/7/2017
PHL,508,12/8/2017
PHL,508,12/9/2017
LAX,508,12/10/2017
PHL,508,12/11/2017
ACY,508,12/12/2017
BOS,508,12/13/2017
SAN,508,12/14/2017
PHL,508,12/15/2017
BWI,508,12/16/2017
BOS,508,12/17/2017
BWI,508,12/18/2017
BWI,508,12/19/2017
TPA,508,12/20/2017
MCO,508,12/21/2017
DTW,508,12/23/2017
MCO,508,12/24/2017
FLL,508,12/25/2017
PIT,508,12/26/2017
LAX,508,12/27/2017
PHL,508,12/28/2017
PHL,508,12/29/2017
LAX,508,12/30/2017
PHL,508,12/31/2017
MCO,509,12/1/2017
ORD,509,12/2/2017
DFW,509,12/3/2017
DTW,509,12/4/2017
MCO,509,12/5/2017
PHL,509,12/6/2017
PHX,509,12/7/2017
SAN,509,12/8/2017
PHL,509,12/9/2017
PHL,509,12/10/2017
LAX,509,12/11/2017
FLL,509,12/12/2017
MSY,509,12/13/2017
LAS,509,12/14/2017
TPA,509,12/15/2017
PIT,509,12/16/2017
LAX,509,12/17/2017
PHL,509,12/18/2017
BOS,509,12/19/2017
ACY,509,12/20/2017
SAN,509,12/21/2017
LAX,509,12/22/2017
PHL,509,12/23/2017
BWI,509,12/24/2017
BOS,509,12/25/2017
BWI,509,12/26/2017
BWI,509,12/27/2017
EWR,509,12/28/2017
IAH,509,12/29/2017
LAS,509,12/30/2017
ORD,509,12/31/2017
DTW,510,12/1/2017
MCO,510,12/2/2017
FLL,510,12/3/2017
ORD,510,12/4/2017
BWI,510,12/5/2017
BOS,510,12/6/2017
BWI,510,12/7/2017
EWR,510,12/8/2017
MSY,510,12/9/2017
MCO,510,12/10/2017
FLL,510,12/11/2017
MSY,510,12/12/2017
PIT,510,12/13/2017
PHX,510,12/14/2017
BOS,510,12/15/2017
ACY,510,12/16/2017
SAN,510,12/17/2017
PHL,510,12/18/2017
BWI,510,12/19/2017
MCO,510,12/20/2017
MSY,510,12/21/2017
MCO,510,12/22/2017
IAG,510,12/23/2017
FLL,510,12/24/2017
MSY,510,12/25/2017
LAS,510,12/26/2017
ORD,510,12/27/2017
DFW,510,12/31/2017
FLL,512,12/1/2017
BQN,512,12/23/2017
LIM,512,12/24/2017
SAN,512,12/25/2017
FLL,512,12/26/2017
MSY,512,12/27/2017
IAG,512,12/28/2017
MCO,512,12/29/2017
BWI,512,12/30/2017
IAH,512,12/31/2017
BQN,514,12/19/2017
BQN,514,12/20/2017
BQN,514,12/21/2017
FLL,514,12/22/2017
MSY,514,12/23/2017
MCO,514,12/24/2017
FLL,514,12/25/2017
MCO,514,12/26/2017
FLL,514,12/27/2017
SAN,514,12/28/2017
FLL,514,12/29/2017
LAX,514,12/30/2017
PHL,514,12/31/2017
FLL,515,12/2/2017
LAS,515,12/3/2017
BWI,515,12/4/2017
IAH,515,12/5/2017
IAH,515,12/6/2017
LAS,515,12/7/2017
TPA,515,12/8/2017
PIT,515,12/9/2017
PHX,515,12/10/2017
BOS,515,12/11/2017
LAX,515,12/12/2017
LAX,515,12/13/2017
BWI,515,12/14/2017
BOS,515,12/15/2017
BWI,515,12/16/2017
BWI,515,12/17/2017
BWI,515,12/18/2017
EWR,515,12/19/2017
LAS,515,12/20/2017
ORD,515,12/21/2017
BWI,515,12/22/2017
IAH,515,12/23/2017
LAS,515,12/24/2017
BWI,515,12/25/2017
BOS,515,12/26/2017
BWI,515,12/27/2017
IAH,515,12/28/2017
LAS,515,12/29/2017
TPA,515,12/30/2017
LIM,515,12/31/2017
DFW,516,12/1/2017
DTW,516,12/2/2017
MCO,516,12/3/2017
PHL,516,12/4/2017
FLL,516,12/5/2017
ORD,516,12/6/2017
DFW,516,12/7/2017
DTW,516,12/10/2017
MCO,516,12/11/2017
ORD,516,12/12/2017
ORD,516,12/13/2017
DFW,516,12/14/2017
DTW,516,12/15/2017
MSY,516,12/16/2017
LIM,516,12/17/2017
SAN,516,12/18/2017
PHL,516,12/19/2017
FLL,516,12/20/2017
FLL,516,12/21/2017
PHL,516,12/22/2017
BWI,516,12/23/2017
BOS,516,12/24/2017
BWI,516,12/25/2017
FLL,516,12/26/2017
IAG,516,12/27/2017
MSY,516,12/28/2017
PIT,516,12/29/2017
ACY,516,12/30/2017
LAS,516,12/31/2017
PHL,517,12/1/2017
BWI,517,12/2/2017
CAK,517,12/3/2017
MCO,517,12/4/2017
ORD,517,12/5/2017
DFW,517,12/7/2017
DFW,517,12/8/2017
DTW,517,12/9/2017
MCO,517,12/10/2017
ORD,517,12/11/2017
DFW,517,12/12/2017
PHX,517,12/13/2017
FLL,517,12/14/2017
SAN,517,12/15/2017
FLL,517,12/16/2017
FLL,517,12/17/2017
PIT,517,12/18/2017
LAX,517,12/19/2017
BWI,517,12/20/2017
BWI,517,12/21/2017
MCO,517,12/22/2017
MCO,517,12/23/2017
ORD,517,12/24/2017
DFW,517,12/25/2017
DFW,517,12/26/2017
FLL,517,12/27/2017
FLL,517,12/28/2017
ACY,517,12/29/2017
IAG,517,12/30/2017
MCO,517,12/31/2017
IAH,519,12/1/2017
IAH,519,12/2/2017
LAS,519,12/3/2017
TPA,519,12/4/2017
PIT,519,12/5/2017
FLL,519,12/6/2017
ORD,519,12/7/2017
BWI,519,12/8/2017
LAS,519,12/9/2017
TPA,519,12/10/2017
PIT,519,12/11/2017
PHX,519,12/12/2017
DTW,519,12/13/2017
MCO,519,12/14/2017
FLL,519,12/15/2017
PHL,519,12/16/2017
BWI,519,12/17/2017
CAK,519,12/18/2017
MCO,519,12/19/2017
MCO,519,12/21/2017
MSY,519,12/22/2017
PIT,519,12/23/2017
ACY,519,12/24/2017
IAG,519,12/25/2017
PHL,519,12/26/2017
BWI,519,12/27/2017
BWI,519,12/28/2017
EWR,519,12/29/2017
CAK,519,12/30/2017
ORD,521,12/1/2017
DFW,521,12/2/2017
DFW,521,12/3/2017
DFW,521,12/4/2017
DFW,521,12/5/2017
DTW,521,12/7/2017
DTW,521,12/8/2017
MCO,521,12/9/2017
FLL,521,12/10/2017
MSY,521,12/11/2017
LAS,521,12/12/2017
BWI,521,12/13/2017
BOS,521,12/14/2017
BWI,521,12/15/2017
BWI,521,12/16/2017
EWR,521,12/17/2017
IAH,521,12/18/2017
LAS,521,12/19/2017
ORD,521,12/20/2017
BWI,521,12/21/2017
TPA,521,12/22/2017
LAS,521,12/23/2017
TPA,521,12/24/2017
PIT,521,12/25/2017
BWI,521,12/26/2017
BOS,521,12/27/2017
BWI,521,12/28/2017
CAK,521,12/29/2017
MCO,521,12/30/2017
MCO,521,12/31/2017
TPA,522,12/1/2017
PIT,522,12/2/2017
ACY,522,12/3/2017
FLL,522,12/4/2017
PHL,522,12/5/2017
LAX,522,12/6/2017
BWI,522,12/7/2017
BOS,522,12/8/2017
BWI,522,12/9/2017
CAK,522,12/10/2017
MCO,522,12/11/2017
PHL,522,12/12/2017
ACY,522,12/13/2017
LAX,522,12/14/2017
BWI,522,12/15/2017
BOS,522,12/16/2017
BWI,522,12/17/2017
EWR,522,12/18/2017
IAH,522,12/19/2017
IAH,522,12/20/2017
IAH,522,12/21/2017
LAS,522,12/22/2017
TPA,522,12/23/2017
LAS,522,12/24/2017
TPA,522,12/25/2017
LAX,522,12/26/2017
PHL,522,12/27/2017
ACY,522,12/28/2017
FLL,522,12/29/2017
PIT,522,12/30/2017
LAX,522,12/31/2017
SAN,523,12/1/2017
PHL,523,12/2/2017
BWI,523,12/3/2017
CAK,523,12/4/2017
MCO,523,12/5/2017
MCO,523,12/6/2017
FLL,523,12/7/2017
MSY,523,12/8/2017
BOS,523,12/9/2017
BWI,523,12/10/2017
BWI,523,12/11/2017
BWI,523,12/13/2017
BWI,523,12/14/2017
EWR,523,12/15/2017
MCO,523,12/16/2017
MCO,523,12/17/2017
MCO,523,12/18/2017
PHL,523,12/19/2017
FLL,523,12/20/2017
ORD,523,12/21/2017
DTW,523,12/22/2017
MCO,523,12/23/2017
MCO,523,12/24/2017
MCO,523,12/25/2017
MSY,523,12/26/2017
PIT,523,12/27/2017
LAX,523,12/28/2017
BWI,523,12/29/2017
BWI,523,12/30/2017
EWR,523,12/31/2017
FLL,524,12/1/2017
FLL,524,12/2/2017
MSY,524,12/3/2017
LAS,524,12/4/2017
TPA,524,12/5/2017
PIT,524,12/6/2017
BOS,524,12/7/2017
LAX,524,12/8/2017
BWI,524,12/9/2017
BWI,524,12/10/2017
EWR,524,12/11/2017
CAK,524,12/12/2017
MCO,524,12/13/2017
MSY,524,12/14/2017
LAS,524,12/15/2017
BWI,524,12/16/2017
IAH,524,12/17/2017
LAS,524,12/18/2017
ORD,524,12/19/2017
DFW,524,12/21/2017
FLL,524,12/22/2017
MCO,524,12/23/2017
FLL,524,12/24/2017
MCO,524,12/25/2017
MCO,524,12/26/2017
MCO,524,12/27/2017
MCO,524,12/28/2017
ORD,524,12/29/2017
PHL,524,12/30/2017
MCO,524,12/31/2017
MCO,525,12/1/2017
PHL,525,12/2/2017
PHX,525,12/3/2017
LAX,525,12/4/2017
BWI,525,12/5/2017
LAS,525,12/6/2017
ORD,525,12/7/2017
ROW,525,12/17/2017
DFW,525,12/18/2017
DFW,525,12/19/2017
DTW,525,12/20/2017
TPA,525,12/21/2017
LAS,525,12/22/2017
BWI,525,12/23/2017
BWI,525,12/24/2017
EWR,525,12/25/2017
CAK,525,12/26/2017
MCO,525,12/27/2017
ORD,525,12/28/2017
DFW,525,12/29/2017
DTW,525,12/30/2017
MCO,525,12/31/2017
ORD,526,12/1/2017
ORD,526,12/2/2017
ORD,526,12/3/2017
DFW,526,12/4/2017
DTW,526,12/5/2017
MSY,526,12/6/2017
LAS,526,12/7/2017
ORD,526,12/8/2017
BWI,526,12/9/2017
PBI,526,12/10/2017
BWI,526,12/11/2017
BWI,526,12/12/2017
BOS,526,12/13/2017
BWI,526,12/14/2017
BWI,526,12/15/2017
EWR,526,12/16/2017
CAK,526,12/17/2017
MCO,526,12/18/2017
MCO,526,12/19/2017
PHL,526,12/20/2017
BOS,526,12/21/2017
SAN,526,12/22/2017
PHL,526,12/23/2017
IAG,526,12/24/2017
DTW,526,12/25/2017
SAN,526,12/26/2017
PHL,526,12/27/2017
BWI,526,12/28/2017
BOS,526,12/29/2017
BWI,526,12/30/2017
BOS,526,12/31/2017
BWI,527,12/1/2017
EWR,527,12/2/2017
IAH,527,12/3/2017
LAS,527,12/4/2017
ORD,527,12/5/2017
BWI,527,12/6/2017
IAH,527,12/7/2017
LAS,527,12/8/2017
MSY,527,12/9/2017
IAH,527,12/10/2017
LAS,527,12/11/2017
IAH,527,12/12/2017
LAS,527,12/13/2017
TPA,527,12/14/2017
PIT,527,12/15/2017
LAX,527,12/16/2017
PHL,527,12/17/2017
BWI,527,12/18/2017
CAK,527,12/19/2017
MCO,527,12/20/2017
MCO,527,12/21/2017
ORD,527,12/22/2017
DFW,527,12/23/2017
DFW,527,12/24/2017
DTW,527,12/25/2017
MCO,527,12/26/2017
ORD,527,12/27/2017
ORD,527,12/28/2017
BWI,527,12/29/2017
IAH,527,12/30/2017
ORD,527,12/31/2017
LAS,528,12/1/2017
TPA,528,12/2/2017
PIT,528,12/3/2017
PHX,528,12/4/2017
ACY,528,12/5/2017
SAN,528,12/6/2017
PHL,528,12/7/2017
BWI,528,12/8/2017
BWI,528,12/9/2017
EWR,528,12/10/2017
IAH,528,12/11/2017
LAS,528,12/12/2017
TPA,528,12/13/2017
PIT,528,12/14/2017
LAX,528,12/15/2017
PHL,528,12/16/2017
ACY,528,12/17/2017
LAX,528,12/18/2017
FLL,528,12/19/2017
FLL,528,12/20/2017
LAS,528,12/21/2017
EWR,528,12/22/2017
CAK,528,12/23/2017
MCO,528,12/24/2017
ORD,528,12/25/2017
DFW,528,12/26/2017
DFW,528,12/27/2017
DTW,528,12/28/2017
MCO,528,12/29/2017
MCO,528,12/30/2017
BWI,528,12/31/2017
BOS,529,12/1/2017
BWI,529,12/2/2017
SAN,529,12/3/2017
PHL,529,12/4/2017
IAH,529,12/5/2017
FLL,529,12/6/2017
FLL,529,12/7/2017
BOS,529,12/8/2017
ACY,529,12/9/2017
SAN,529,12/10/2017
PHL,529,12/11/2017
BWI,529,12/12/2017
BWI,529,12/13/2017
EWR,529,12/14/2017
IAH,529,12/15/2017
LAS,529,12/16/2017
TPA,529,12/17/2017
LAS,529,12/18/2017
TPA,529,12/19/2017
PIT,529,12/20/2017
LAX,529,12/21/2017
PHL,529,12/22/2017
SAN,529,12/23/2017
PHL,529,12/24/2017
PHL,529,12/25/2017
IAG,529,12/26/2017
ACY,529,12/27/2017
MCO,529,12/28/2017
MCO,529,12/29/2017
MSY,529,12/30/2017
LAS,529,12/31/2017
BWI,530,12/1/2017
BOS,530,12/2/2017
BWI,530,12/3/2017
BWI,530,12/4/2017
EWR,530,12/5/2017
MCO,530,12/6/2017
CAK,530,12/7/2017
MCO,530,12/8/2017
ORD,530,12/9/2017
DFW,530,12/10/2017
DTW,530,12/11/2017
MCO,530,12/12/2017
ORD,530,12/13/2017
BWI,530,12/14/2017
CAK,530,12/15/2017
MCO,530,12/16/2017
FLL,530,12/17/2017
ORD,530,12/18/2017
DFW,530,12/19/2017
DFW,530,12/20/2017
DFW,530,12/21/2017
DFW,530,12/22/2017
DFW,530,12/23/2017
DTW,530,12/24/2017
MCO,530,12/25/2017
ORD,530,12/26/2017
DFW,530,12/27/2017
DFW,530,12/28/2017
DTW,530,12/29/2017
MCO,530,12/30/2017
ORD,530,12/31/2017
BWI,531,12/1/2017
LAS,531,12/2/2017
TPA,531,12/3/2017
PIT,531,12/4/2017
FLL,531,12/5/2017
PHX,531,12/6/2017
ACY,531,12/7/2017
FLL,531,12/8/2017
IAH,531,12/9/2017
PHL,531,12/10/2017
BWI,531,12/11/2017
ORD,531,12/12/2017
DFW,531,12/13/2017
DFW,531,12/14/2017
MCO,531,12/15/2017
FLL,531,12/16/2017
ORD,531,12/17/2017
ATL,531,12/18/2017
FLL,531,12/19/2017
LAS,531,12/20/2017
EWR,531,12/21/2017
IAH,531,12/22/2017
LAS,531,12/23/2017
BWI,531,12/24/2017
CAK,531,12/25/2017
MCO,531,12/26/2017
FLL,531,12/27/2017
PIT,531,12/28/2017
LAX,531,12/29/2017
EWR,531,12/30/2017
CAK,531,12/31/2017
PIT,532,12/1/2017
ACY,532,12/2/2017
PHL,532,12/3/2017
FLL,532,12/4/2017
MSY,532,12/5/2017
LAS,532,12/6/2017
EWR,532,12/7/2017
IAH,532,12/8/2017
IAH,532,12/9/2017
LAS,532,12/10/2017
TPA,532,12/11/2017
PIT,532,12/12/2017
PHL,532,12/13/2017
ACY,532,12/14/2017
IAG,532,12/15/2017
ORD,532,12/16/2017
DFW,532,12/17/2017
DTW,532,12/18/2017
FLL,532,12/19/2017
SAN,532,12/20/2017
PHL,532,12/21/2017
BWI,532,12/22/2017
BWI,532,12/23/2017
EWR,532,12/24/2017
IAH,532,12/25/2017
LAS,532,12/26/2017
TPA,532,12/27/2017
LAS,532,12/28/2017
TPA,532,12/29/2017
FLL,532,12/30/2017
ACY,532,12/31/2017
ACY,533,12/1/2017
BOS,533,12/2/2017
MSY,533,12/3/2017
IAH,533,12/4/2017
LAS,533,12/5/2017
TPA,533,12/6/2017
PIT,533,12/7/2017
PHX,533,12/8/2017
BOS,533,12/9/2017
LIM,533,12/10/2017
ACY,533,12/11/2017
BOS,533,12/12/2017
SAN,533,12/13/2017
PHL,533,12/14/2017
PHL,533,12/15/2017
BOS,533,12/16/2017
BOS,533,12/17/2017
DTW,533,12/18/2017
SAN,533,12/19/2017
PHL,533,12/20/2017
PHL,533,12/21/2017
IAG,533,12/22/2017
FLL,533,12/23/2017
LAX,533,12/24/2017
BWI,533,12/25/2017
BWI,533,12/26/2017
EWR,533,12/27/2017
CAK,533,12/28/2017
MCO,533,12/29/2017
ORD,533,12/30/2017
DFW,533,12/31/2017
EWR,534,12/1/2017
CAK,534,12/2/2017
MCO,534,12/3/2017
MSY,534,12/4/2017
LAS,534,12/5/2017
ORD,534,12/6/2017
BWI,534,12/7/2017
BWI,534,12/8/2017
FLL,534,12/9/2017
MSY,534,12/10/2017
LAS,534,12/11/2017
TPA,534,12/12/2017
LAS,534,12/13/2017
ORD,534,12/14/2017
BWI,534,12/15/2017
IAH,534,12/16/2017
LAS,534,12/17/2017
TPA,534,12/18/2017
PIT,534,12/19/2017
BOS,534,12/20/2017
MCO,534,12/21/2017
BOS,534,12/22/2017
EWR,534,12/23/2017
CAK,534,12/24/2017
MCO,534,12/25/2017
FLL,534,12/26/2017
MCO,534,12/27/2017
FLL,534,12/28/2017
IAG,534,12/29/2017
MCO,534,12/30/2017
FLL,534,12/31/2017
BOS,535,12/1/2017
LAX,535,12/2/2017
PHL,535,12/3/2017
BOS,535,12/4/2017
LAX,535,12/5/2017
BOS,535,12/6/2017
LAX,535,12/7/2017
PHL,535,12/8/2017
LAX,535,12/9/2017
BWI,535,12/10/2017
CAK,535,12/11/2017
MCO,535,12/12/2017
FLL,535,12/13/2017
BOS,535,12/14/2017
FLL,535,12/15/2017
IAG,535,12/16/2017
LAS,535,12/17/2017
ORD,535,12/18/2017
BWI,535,12/19/2017
BWI,535,12/20/2017
FLL,535,12/21/2017
PIT,535,12/22/2017
ACY,535,12/23/2017
SAN,535,12/24/2017
ACY,535,12/25/2017
ACY,535,12/26/2017
SAN,535,12/27/2017
PHL,535,12/28/2017
PHL,535,12/29/2017
FLL,535,12/30/2017
PIT,535,12/31/2017
PHL,536,12/1/2017
PHX,536,12/2/2017
LAX,536,12/3/2017
BWI,536,12/4/2017
BOS,536,12/5/2017
BWI,536,12/6/2017
TPA,536,12/7/2017
PIT,536,12/8/2017
ATL,536,12/9/2017
PIT,536,12/10/2017
PHX,536,12/11/2017
FLL,536,12/12/2017
FLL,536,12/13/2017
ORD,536,12/14/2017
DFW,536,12/15/2017
DTW,536,12/16/2017
FLL,536,12/18/2017
MSY,536,12/19/2017
MSY,536,12/20/2017
PIT,536,12/21/2017
ACY,536,12/22/2017
FLL,536,12/23/2017
PIT,536,12/24/2017
LAX,536,12/25/2017
BWI,536,12/26/2017
CAK,536,12/27/2017
MCO,536,12/28/2017
MSY,536,12/29/2017
LAS,536,12/30/2017
TPA,536,12/31/2017
DFW,601,12/1/2017
MCI,601,12/2/2017
DFW,601,12/3/2017
DFW,601,12/4/2017
DFW,601,12/6/2017
BDL,601,12/7/2017
DFW,601,12/8/2017
IAH,601,12/9/2017
IAH,601,12/10/2017
MCI,601,12/11/2017
LAX,601,12/12/2017
DFW,601,12/14/2017
LAS,601,12/15/2017
DTW,601,12/16/2017
PTY,601,12/17/2017
DFW,601,12/18/2017
DFW,601,12/19/2017
CLE,601,12/20/2017
CLE,601,12/21/2017
DFW,601,12/22/2017
EWR,601,12/23/2017
MSP,601,12/24/2017
ATL,601,12/25/2017
MCO,601,12/26/2017
FLL,601,12/27/2017
MCO,601,12/28/2017
BOS,601,12/29/2017
PHX,601,12/30/2017
PHX,601,12/31/2017
DTW,602,12/1/2017
FLL,602,12/2/2017
FLL,602,12/3/2017
OAK,602,12/4/2017
ACY,602,12/5/2017
FLL,602,12/6/2017
RSW,602,12/7/2017
MSP,602,12/8/2017
FLL,602,12/9/2017
LAS,602,12/10/2017
DFW,602,12/11/2017
DTW,602,12/12/2017
DTW,602,12/16/2017
ACY,602,12/17/2017
FLL,602,12/18/2017
BWI,602,12/19/2017
LAS,602,12/20/2017
MCI,602,12/21/2017
LAX,602,12/22/2017
DFW,602,12/24/2017
DFW,602,12/25/2017
IAH,602,12/26/2017
LAS,602,12/27/2017
DTW,602,12/28/2017
OAK,602,12/29/2017
ACY,602,12/30/2017
MCO,602,12/31/2017
ACY,603,12/1/2017
STI,603,12/2/2017
MCO,603,12/3/2017
BWI,603,12/4/2017
PIT,603,12/5/2017
OAK,603,12/6/2017
FLL,603,12/7/2017
TPA,603,12/8/2017
DTW,603,12/9/2017
DTW,603,12/10/2017
FLL,603,12/11/2017
LBE,603,12/12/2017
STI,603,12/13/2017
LBE,603,12/14/2017
MCO,603,12/15/2017
MCO,603,12/16/2017
MCO,603,12/17/2017
MCO,603,12/18/2017
LAS,603,12/19/2017
ORD,603,12/20/2017
DTW,603,12/21/2017
DTW,603,12/22/2017
MSP,603,12/23/2017
RSW,603,12/24/2017
DTW,603,12/25/2017
LAS,603,12/27/2017
DTW,603,12/29/2017
MCO,603,12/30/2017
PHL,603,12/31/2017
MSP,604,12/1/2017
ATL,604,12/2/2017
DTW,604,12/3/2017
DTW,604,12/4/2017
DTW,604,12/5/2017
BWI,604,12/6/2017
MCI,604,12/7/2017
CLE,604,12/8/2017
CLE,604,12/9/2017
LAX,604,12/10/2017
DFW,604,12/11/2017
PHL,604,12/12/2017
FLL,604,12/13/2017
FLL,604,12/14/2017
PHX,604,12/15/2017
LAS,604,12/16/2017
DFW,604,12/17/2017
LAS,604,12/18/2017
LAS,604,12/19/2017
PTY,604,12/20/2017
RSW,604,12/21/2017
DTW,604,12/22/2017
DTW,604,12/23/2017
DTW,604,12/24/2017
ACY,604,12/25/2017
FLL,604,12/28/2017
BWI,604,12/29/2017
ACY,604,12/30/2017
FLL,604,12/31/2017
DTW,605,12/3/2017
LAX,605,12/4/2017
DFW,605,12/5/2017
DFW,605,12/6/2017
DFW,605,12/8/2017
CLE,605,12/9/2017
CLE,605,12/10/2017
LAX,605,12/11/2017
DFW,605,12/12/2017
DFW,605,12/13/2017
LAS,605,12/14/2017
LAS,605,12/15/2017
LAS,605,12/16/2017
PIT,605,12/17/2017
ORD,605,12/18/2017
BOS,605,12/19/2017
MSP,605,12/20/2017
PHX,605,12/21/2017
BOS,605,12/22/2017
LAS,605,12/23/2017
DFW,605,12/24/2017
MCI,605,12/25/2017
CLE,605,12/26/2017
CLE,605,12/27/2017
LAX,605,12/28/2017
DFW,605,12/29/2017
IAH,605,12/30/2017
DFW,605,12/31/2017
OAK,606,12/1/2017
ACY,606,12/2/2017
IAG,606,12/3/2017
TPA,606,12/4/2017
DTW,606,12/6/2017
OAK,606,12/7/2017
ACY,606,12/8/2017
MCO,606,12/9/2017
PTY,606,12/10/2017
LAS,606,12/11/2017
DFW,606,12/12/2017
BDL,606,12/13/2017
DFW,606,12/14/2017
BDL,606,12/15/2017
DFW,606,12/16/2017
BDL,606,12/17/2017
DFW,606,12/18/2017
MCI,606,12/19/2017
EWR,606,12/20/2017
LAS,606,12/21/2017
EWR,606,12/22/2017
LBE,606,12/23/2017
MCO,606,12/24/2017
PTY,606,12/25/2017
BWI,606,12/26/2017
LAS,606,12/27/2017
LAS,606,12/28/2017
PIT,606,12/29/2017
ORD,606,12/30/2017
BOS,606,12/31/2017
DFW,607,12/1/2017
FLL,607,12/2/2017
LAX,607,12/3/2017
DFW,607,12/4/2017
BDL,607,12/5/2017
LAS,607,12/6/2017
ORD,607,12/7/2017
BOS,607,12/8/2017
ACY,607,12/9/2017
MCO,607,12/10/2017
SJO,607,12/11/2017
SEA,607,12/12/2017
DTW,607,12/13/2017
PIT,607,12/14/2017
ORD,607,12/15/2017
BOS,607,12/16/2017
ACY,607,12/17/2017
MCO,607,12/18/2017
MCO,607,12/20/2017
MCO,607,12/21/2017
PHX,607,12/22/2017
BOS,607,12/23/2017
PTY,607,12/24/2017
FLL,607,12/25/2017
FLL,607,12/26/2017
TPA,607,12/27/2017
FLL,607,12/28/2017
MCO,607,12/29/2017
FLL,607,12/30/2017
PTY,607,12/31/2017
ROW,608,12/8/2017
DFW,608,12/9/2017
CLE,608,12/10/2017
CLE,608,12/11/2017
RSW,608,12/12/2017
FLL,608,12/13/2017
LAS,608,12/14/2017
DFW,608,12/15/2017
DFW,608,12/16/2017
DTW,608,12/17/2017
OAK,608,12/18/2017
ACY,608,12/19/2017
ACY,608,12/20/2017
FLL,608,12/21/2017
BWI,608,12/22/2017
LAS,608,12/23/2017
PIT,608,12/24/2017
ORD,608,12/25/2017
BOS,608,12/26/2017
BWI,608,12/27/2017
DTW,608,12/28/2017
MSP,608,12/29/2017
TPA,608,12/30/2017
FLL,608,12/31/2017
LAX,609,12/1/2017
DFW,609,12/2/2017
IAH,609,12/3/2017
IAH,609,12/4/2017
IAH,609,12/5/2017
IAH,609,12/6/2017
IAH,609,12/7/2017
IAH,609,12/8/2017
IAH,609,12/9/2017
DFW,609,12/10/2017
CLE,609,12/11/2017
CLE,609,12/12/2017
LAX,609,12/13/2017
DFW,609,12/14/2017
EWR,609,12/15/2017
TPA,609,12/16/2017
ATL,609,12/17/2017
DTW,609,12/18/2017
DTW,609,12/19/2017
ATL,609,12/20/2017
BWI,609,12/21/2017
LAS,609,12/22/2017
DTW,609,12/23/2017
MSP,609,12/24/2017
MCO,609,12/25/2017
LAS,609,12/26/2017
DFW,609,12/27/2017
EWR,609,12/28/2017
MSP,609,12/29/2017
ATL,609,12/30/2017
MCO,609,12/31/2017
ATL,611,12/1/2017
MCO,611,12/2/2017
PHL,611,12/3/2017
DTW,611,12/4/2017
PTY,611,12/5/2017
SEA,611,12/6/2017
DTW,611,12/7/2017
ATL,611,12/8/2017
MCO,611,12/9/2017
PHL,611,12/10/2017
DTW,611,12/11/2017
OAK,611,12/12/2017
ACY,611,12/13/2017
FLL,611,12/14/2017
RSW,611,12/15/2017
MSP,611,12/16/2017
MSP,611,12/17/2017
BOS,611,12/18/2017
ACY,611,12/19/2017
FLL,611,12/20/2017
DFW,611,12/21/2017
CLE,611,12/22/2017
CLE,611,12/23/2017
LAX,611,12/24/2017
CLE,611,12/25/2017
LAX,611,12/26/2017
DFW,611,12/27/2017
MCI,611,12/28/2017
CLE,611,12/29/2017
CLE,611,12/30/2017
LAX,611,12/31/2017
FLL,612,12/1/2017
MSP,612,12/2/2017
ATL,612,12/3/2017
MCO,612,12/4/2017
FLL,612,12/5/2017
MCO,612,12/6/2017
LBE,612,12/7/2017
MCO,612,12/8/2017
PIT,612,12/9/2017
ORD,612,12/10/2017
BOS,612,12/11/2017
ACY,612,12/12/2017
MCO,612,12/13/2017
RSW,612,12/14/2017
DTW,612,12/15/2017
BWI,612,12/16/2017
LAS,612,12/17/2017
PIT,612,12/18/2017
ORD,612,12/19/2017
DTW,612,12/20/2017
PIT,612,12/21/2017
FLL,612,12/22/2017
MSP,612,12/23/2017
ATL,612,12/24/2017
MCO,612,12/25/2017
DTW,612,12/26/2017
ATL,612,12/27/2017
MCO,612,12/28/2017
DTW,612,12/29/2017
LAX,612,12/30/2017
DFW,612,12/31/2017
MCI,613,12/1/2017
CLE,613,12/2/2017
CLE,613,12/3/2017
LAX,613,12/4/2017
DFW,613,12/5/2017
FLL,613,12/6/2017
TPA,613,12/7/2017
DTW,613,12/8/2017
ACY,613,12/9/2017
IAG,613,12/10/2017
MCO,613,12/11/2017
IAH,613,12/12/2017
IAH,613,12/13/2017
SEA,613,12/14/2017
DFW,613,12/15/2017
DFW,613,12/16/2017
DFW,613,12/17/2017
BDL,613,12/18/2017
LAS,613,12/19/2017
ATL,613,12/20/2017
SEA,613,12/21/2017
DFW,613,12/22/2017
IAH,613,12/23/2017
DFW,613,12/24/2017
DFW,613,12/25/2017
DFW,613,12/26/2017
DFW,613,12/27/2017
IAH,613,12/28/2017
DFW,613,12/29/2017
MCI,613,12/30/2017
CLE,613,12/31/2017
IAH,614,12/1/2017
DFW,614,12/2/2017
MCI,614,12/3/2017
DTW,614,12/4/2017
OAK,614,12/5/2017
ACY,614,12/6/2017
FLL,614,12/7/2017
RSW,614,12/8/2017
MSP,614,12/9/2017
SEA,614,12/10/2017
DFW,614,12/11/2017
BDL,614,12/12/2017
DFW,614,12/13/2017
BDL,614,12/14/2017
DFW,614,12/15/2017
MCI,614,12/16/2017
CLE,614,12/17/2017
CLE,614,12/18/2017
LAX,614,12/19/2017
DFW,614,12/20/2017
BDL,614,12/21/2017
DFW,614,12/22/2017
BDL,614,12/23/2017
DFW,614,12/24/2017
IAH,614,12/25/2017
DFW,614,12/26/2017
DFW,614,12/28/2017
IAH,614,12/29/2017
DFW,614,12/30/2017
BDL,614,12/31/2017
MCO,615,12/1/2017
LAS,615,12/2/2017
MCO,615,12/3/2017
FLL,615,12/4/2017
FLL,615,12/5/2017
FLL,615,12/6/2017
MCO,615,12/7/2017
LAS,615,12/8/2017
ATL,615,12/9/2017
MCO,615,12/10/2017
BWI,615,12/11/2017
LAS,615,12/12/2017
DFW,615,12/14/2017
MCI,615,12/15/2017
CLE,615,12/16/2017
CLE,615,12/17/2017
DTW,615,12/18/2017
FLL,615,12/21/2017
PBG,615,12/22/2017
PTY,615,12/23/2017
LAS,615,12/24/2017
DFW,615,12/25/2017
DFW,615,12/26/2017
BDL,615,12/27/2017
DFW,615,12/28/2017
BDL,615,12/29/2017
DFW,615,12/30/2017
DFW,615,12/31/2017
IAH,616,12/1/2017
IAH,616,12/2/2017
IAH,616,12/3/2017
DFW,616,12/4/2017
IAH,616,12/7/2017
DFW,616,12/8/2017
DFW,616,12/9/2017
EWR,616,12/10/2017
MSP,616,12/11/2017
ATL,616,12/12/2017
ATL,616,12/13/2017
PTY,616,12/14/2017
MCO,616,12/15/2017
MSP,616,12/16/2017
ATL,616,12/17/2017
MCO,616,12/18/2017
SEA,616,12/19/2017
DTW,616,12/20/2017
MCO,616,12/21/2017
PTY,616,12/22/2017
RSW,616,12/23/2017
DTW,616,12/24/2017
OAK,616,12/25/2017
ACY,616,12/26/2017
FLL,616,12/27/2017
TPA,616,12/28/2017
PBG,616,12/29/2017
SEA,616,12/30/2017
DFW,616,12/31/2017
LBE,617,12/1/2017
MCO,617,12/2/2017
PTY,617,12/3/2017
LBE,617,12/4/2017
MCO,617,12/5/2017
FLL,617,12/6/2017
PTY,617,12/7/2017
SEA,617,12/8/2017
DFW,617,12/9/2017
DFW,617,12/10/2017
IAH,617,12/11/2017
DFW,617,12/12/2017
CLE,617,12/13/2017
BOS,617,12/14/2017
ACY,617,12/15/2017
FLL,617,12/16/2017
PBG,617,12/17/2017
TPA,617,12/18/2017
DTW,617,12/19/2017
MCO,617,12/21/2017
IAH,617,12/22/2017
LAS,617,12/23/2017
LAS,617,12/24/2017
FLL,617,12/25/2017
PHX,617,12/26/2017
BOS,617,12/27/2017
FLL,617,12/29/2017
LBE,617,12/30/2017
MCO,617,12/31/2017
LAX,618,12/1/2017
DFW,618,12/2/2017
BDL,618,12/3/2017
DFW,618,12/4/2017
MCI,618,12/5/2017
ATL,618,12/6/2017
BWI,618,12/7/2017
BWI,618,12/8/2017
LAS,618,12/9/2017
DFW,618,12/10/2017
IAH,618,12/11/2017
IAH,618,12/14/2017
MCO,618,12/15/2017
FLL,618,12/16/2017
BWI,618,12/17/2017
LAS,618,12/18/2017
DTW,618,12/19/2017
BDL,618,12/20/2017
DFW,618,12/21/2017
DFW,618,12/22/2017
MCI,618,12/23/2017
LAX,618,12/25/2017
LAS,618,12/26/2017
LAS,618,12/28/2017
DFW,618,12/29/2017
DFW,618,12/30/2017
DFW,618,12/31/2017
BQN,619,12/12/2017
FLL,619,12/13/2017
TPA,619,12/14/2017
MSP,619,12/15/2017
FLL,619,12/16/2017
LAS,619,12/17/2017
PHX,619,12/18/2017
PHX,619,12/19/2017
TPA,619,12/20/2017
DTW,619,12/21/2017
DTW,619,12/22/2017
OAK,619,12/23/2017
ACY,619,12/24/2017
MCO,619,12/25/2017
PTY,619,12/26/2017
RSW,619,12/27/2017
DTW,619,12/28/2017
MCO,619,12/29/2017
PHL,619,12/30/2017
FLL,619,12/31/2017
DTW,620,12/1/2017
FLL,620,12/2/2017
FLL,620,12/3/2017
SAN,620,12/4/2017
FLL,620,12/5/2017
DFW,620,12/7/2017
IAH,620,12/8/2017
LAS,620,12/9/2017
FLL,620,12/10/2017
BQN,620,12/23/2017
FLL,620,12/24/2017
FLL,620,12/25/2017
LBE,620,12/26/2017
MCO,620,12/27/2017
FLL,620,12/28/2017
TPA,620,12/29/2017
FLL,620,12/30/2017
LBE,620,12/31/2017
DTW,621,12/1/2017
DTW,621,12/2/2017
DTW,621,12/4/2017
LAS,621,12/5/2017
DFW,621,12/7/2017
MCI,621,12/8/2017
EWR,621,12/9/2017
TPA,621,12/10/2017
MSP,621,12/11/2017
LAS,621,12/12/2017
ATL,621,12/13/2017
BWI,621,12/14/2017
PIT,621,12/15/2017
ORD,621,12/16/2017
BOS,621,12/17/2017
ACY,621,12/18/2017
FLL,621,12/19/2017
FLL,621,12/20/2017
MCO,621,12/21/2017
DTW,621,12/22/2017
MCO,621,12/23/2017
PHL,621,12/24/2017
DTW,621,12/25/2017
OAK,621,12/26/2017
ACY,621,12/27/2017
MCO,621,12/28/2017
PTY,621,12/29/2017
MCO,621,12/30/2017
LAS,621,12/31/2017
CLE,622,12/1/2017
CLE,622,12/2/2017
RSW,622,12/3/2017
ATL,622,12/4/2017
ATL,622,12/5/2017
ORD,622,12/6/2017
PIT,622,12/7/2017
ORD,622,12/8/2017
BOS,622,12/9/2017
ACY,622,12/10/2017
MCO,622,12/11/2017
MCO,622,12/12/2017
FLL,622,12/13/2017
IAH,622,12/14/2017
DFW,622,12/15/2017
EWR,622,12/16/2017
TPA,622,12/17/2017
DTW,622,12/18/2017
ATL,622,12/19/2017
FLL,622,12/20/2017
TPA,622,12/21/2017
ORD,622,12/22/2017
BOS,622,12/23/2017
BWI,622,12/24/2017
ACY,622,12/25/2017
MCO,622,12/26/2017
FLL,622,12/27/2017
BWI,622,12/28/2017
LAS,622,12/29/2017
PIT,622,12/30/2017
ORD,622,12/31/2017
BOS,623,12/1/2017
ACY,623,12/2/2017
MCO,623,12/3/2017
SJO,623,12/4/2017
SEA,623,12/5/2017
DTW,623,12/6/2017
DTW,623,12/7/2017
OAK,623,12/8/2017
LAS,623,12/10/2017
PIT,623,12/11/2017
ORD,623,12/12/2017
ORD,623,12/13/2017
ORD,623,12/14/2017
BOS,623,12/15/2017
ACY,623,12/16/2017
MCO,623,12/17/2017
PTY,623,12/18/2017
RSW,623,12/19/2017
LAS,623,12/20/2017
ATL,623,12/21/2017
MCO,623,12/22/2017
PHX,623,12/23/2017
PHX,623,12/24/2017
BOS,623,12/25/2017
BWI,623,12/26/2017
ACY,623,12/27/2017
PBG,623,12/28/2017
FLL,623,12/29/2017
LAS,623,12/30/2017
DFW,623,12/31/2017
MCO,624,12/1/2017
PBG,624,12/2/2017
TPA,624,12/3/2017
DTW,624,12/4/2017
BWI,624,12/5/2017
LAS,624,12/6/2017
DFW,624,12/7/2017
EWR,624,12/8/2017
TPA,624,12/9/2017
DTW,624,12/10/2017
DTW,624,12/12/2017
LAS,624,12/13/2017
DTW,624,12/14/2017
PTY,624,12/15/2017
DTW,624,12/16/2017
OAK,624,12/17/2017
ACY,624,12/18/2017
MCO,624,12/19/2017
PHL,624,12/20/2017
BWI,624,12/21/2017
ACY,624,12/22/2017
MCO,624,12/23/2017
DTW,624,12/24/2017
PIT,624,12/25/2017
ORD,624,12/26/2017
BOS,624,12/27/2017
BWI,624,12/28/2017
ACY,624,12/29/2017
FLL,624,12/30/2017
MCO,624,12/31/2017
RSW,625,12/1/2017
DTW,625,12/3/2017
DTW,625,12/5/2017
DTW,625,12/6/2017
EWR,625,12/7/2017
MSP,625,12/8/2017
DFW,625,12/9/2017
IAH,625,12/10/2017
DFW,625,12/11/2017
MCI,625,12/12/2017
EWR,625,12/13/2017
PHL,625,12/14/2017
FLL,625,12/15/2017
PBG,625,12/16/2017
MSY,625,12/17/2017
MCO,625,12/18/2017
PHL,625,12/19/2017
FLL,625,12/20/2017
PTY,625,12/21/2017
RSW,625,12/22/2017
DTW,625,12/23/2017
OAK,625,12/24/2017
BOS,625,12/25/2017
MYR,625,12/26/2017
DFW,625,12/27/2017
LAS,625,12/28/2017
DFW,625,12/29/2017
BDL,625,12/30/2017
DFW,625,12/31/2017
MCO,626,12/1/2017
PHL,626,12/2/2017
PIT,626,12/3/2017
ORD,626,12/4/2017
BOS,626,12/5/2017
MSP,626,12/6/2017
MCO,626,12/7/2017
LAS,626,12/8/2017
DFW,626,12/9/2017
LAS,626,12/10/2017
LAS,626,12/11/2017
DFW,626,12/12/2017
DFW,626,12/13/2017
DFW,626,12/14/2017
DTW,626,12/15/2017
PTY,626,12/16/2017
LAX,626,12/17/2017
DFW,626,12/18/2017
BDL,626,12/19/2017
LAS,626,12/20/2017
ORD,626,12/21/2017
BOS,626,12/22/2017
BWI,626,12/23/2017
ACY,626,12/24/2017
FLL,626,12/25/2017
SEA,626,12/26/2017
DFW,626,12/27/2017
BDL,626,12/28/2017
DFW,626,12/29/2017
LAS,626,12/30/2017
PIT,626,12/31/2017
ORD,627,12/1/2017
BOS,627,12/2/2017
ACY,627,12/3/2017
FLL,627,12/4/2017
RSW,627,12/5/2017
FLL,627,12/6/2017
LAS,627,12/7/2017
DTW,627,12/8/2017
OAK,627,12/9/2017
ACY,627,12/10/2017
FLL,627,12/16/2017
DTW,627,12/28/2017
CLE,628,12/1/2017
LAX,628,12/2/2017
DFW,628,12/3/2017
MCI,628,12/4/2017
CLE,628,12/5/2017
RSW,628,12/6/2017
ATL,628,12/7/2017
DTW,628,12/8/2017
DTW,628,12/9/2017
DTW,628,12/10/2017
PBG,628,12/11/2017
MSP,628,12/12/2017
BOS,628,12/13/2017
MSP,628,12/14/2017
FLL,628,12/15/2017
RSW,628,12/16/2017
MSP,628,12/17/2017
BWI,628,12/18/2017
PIT,628,12/19/2017
BOS,628,12/20/2017
FLL,628,12/21/2017
TPA,628,12/22/2017
PBG,628,12/23/2017
TPA,628,12/24/2017
FLL,628,12/25/2017
RSW,628,12/26/2017
DTW,628,12/27/2017
DTW,628,12/28/2017
DTW,628,12/31/2017
PHL,629,12/1/2017
DTW,629,12/2/2017
PBG,629,12/3/2017
SEA,629,12/4/2017
DFW,629,12/5/2017
DFW,629,12/6/2017
DFW,629,12/7/2017
LAS,629,12/8/2017
DFW,629,12/10/2017
MCO,629,12/11/2017
FLL,629,12/12/2017
RSW,629,12/13/2017
ATL,629,12/14/2017
ATL,629,12/15/2017
ATL,629,12/16/2017
DTW,629,12/17/2017
FLL,629,12/18/2017
LBE,629,12/19/2017
MCO,629,12/20/2017
MSP,629,12/21/2017
ATL,629,12/22/2017
MCO,629,12/23/2017
MCO,629,12/24/2017
PHX,629,12/25/2017
FLL,629,12/26/2017
PBG,629,12/27/2017
DTW,629,12/30/2017
DTW,629,12/31/2017
SJO,630,12/1/2017
MCO,630,12/2/2017
LAS,630,12/3/2017
DFW,630,12/4/2017
DTW,630,12/5/2017
ATL,630,12/6/2017
FLL,630,12/7/2017
PBG,630,12/8/2017
IAG,630,12/9/2017
FLL,630,12/10/2017
DTW,630,12/11/2017
DTW,630,12/12/2017
OAK,630,12/13/2017
OAK,630,12/14/2017
ACY,630,12/15/2017
MCO,630,12/16/2017
SEA,630,12/17/2017
DFW,630,12/18/2017
IAH,630,12/21/2017
LAS,630,12/22/2017
PIT,630,12/23/2017
CLE,630,12/24/2017
LAX,630,12/25/2017
DFW,630,12/26/2017
DTW,630,12/27/2017
MCO,630,12/28/2017
FLL,630,12/29/2017
FLL,630,12/30/2017
SEA,630,12/31/2017
LAS,631,12/1/2017
PIT,631,12/2/2017
ORD,631,12/3/2017
FLL,631,12/4/2017
LAS,631,12/5/2017
PIT,631,12/6/2017
BOS,631,12/7/2017
ACY,631,12/8/2017
STI,631,12/9/2017
RSW,631,12/10/2017
ATL,631,12/11/2017
ATL,631,12/12/2017
BWI,631,12/13/2017
FLL,631,12/14/2017
BWI,631,12/15/2017
PIT,631,12/16/2017
ORD,631,12/17/2017
PBG,631,12/18/2017
MSP,631,12/19/2017
ORD,631,12/20/2017
DFW,631,12/21/2017
PHL,631,12/22/2017
FLL,631,12/23/2017
LBE,631,12/24/2017
MCO,631,12/25/2017
FLL,631,12/26/2017
BWI,631,12/27/2017
PIT,631,12/28/2017
ORD,631,12/29/2017
PBG,631,12/30/2017
BOS,631,12/31/2017
MCO,632,12/1/2017
BWI,632,12/2/2017
LAS,632,12/3/2017
PIT,632,12/4/2017
ORD,632,12/5/2017
EWR,632,12/6/2017
PHL,632,12/7/2017
FLL,632,12/9/2017
DFW,632,12/10/2017
DFW,632,12/11/2017
EWR,632,12/12/2017
LAS,632,12/13/2017
ATL,632,12/14/2017
MCO,632,12/15/2017
SEA,632,12/16/2017
DFW,632,12/17/2017
MCI,632,12/18/2017
CLE,632,12/19/2017
CLE,632,12/20/2017
CLE,632,12/21/2017
CLE,632,12/22/2017
CLE,632,12/23/2017
ORD,632,12/24/2017
MSP,632,12/25/2017
MCO,632,12/26/2017
LAS,632,12/27/2017
DFW,632,12/28/2017
DFW,632,12/29/2017
EWR,632,12/30/2017
TPA,632,12/31/2017
TPA,633,12/1/2017
RSW,633,12/2/2017
MSP,633,12/3/2017
MCO,633,12/4/2017
PHL,633,12/5/2017
TPA,633,12/6/2017
FLL,633,12/7/2017
SJO,633,12/8/2017
SEA,633,12/9/2017
DFW,633,12/10/2017
BDL,633,12/11/2017
DFW,633,12/12/2017
LAS,633,12/13/2017
EWR,633,12/14/2017
TPA,633,12/15/2017
DTW,633,12/16/2017
DTW,633,12/17/2017
ATL,633,12/18/2017
MCO,633,12/19/2017
BWI,633,12/20/2017
FLL,633,12/21/2017
PIT,633,12/22/2017
ORD,633,12/23/2017
BOS,633,12/24/2017
BWI,633,12/25/2017
ACY,633,12/26/2017
MCO,633,12/27/2017
DFW,633,12/28/2017
PHX,633,12/29/2017
BOS,633,12/30/2017
BWI,633,12/31/2017
FLL,634,12/9/2017
FLL,634,12/10/2017
TPA,634,12/11/2017
DTW,634,12/13/2017
MCI,634,12/14/2017
CLE,634,12/15/2017
CLE,634,12/16/2017
RSW,634,12/17/2017
MSP,634,12/18/2017
MCO,634,12/19/2017
PHX,634,12/20/2017
LAS,634,12/21/2017
LAS,634,12/22/2017
DFW,634,12/23/2017
BDL,634,12/24/2017
DFW,634,12/25/2017
MCI,634,12/26/2017
CLE,634,12/27/2017
CLE,634,12/28/2017
LAX,634,12/29/2017
DFW,634,12/30/2017
IAH,634,12/31/2017
DTW,635,12/1/2017
OAK,635,12/2/2017
ACY,635,12/3/2017
MCO,635,12/4/2017
FLL,635,12/5/2017
PHL,635,12/6/2017
DTW,635,12/7/2017
IAG,635,12/8/2017
LBE,635,12/9/2017
MCO,635,12/10/2017
PHL,635,12/11/2017
FLL,635,12/12/2017
MSP,635,12/13/2017
MCO,635,12/14/2017
SEA,635,12/15/2017
DFW,635,12/16/2017
MCI,635,12/17/2017
CLE,635,12/18/2017
CLE,635,12/19/2017
LAX,635,12/20/2017
DFW,635,12/21/2017
MCI,635,12/22/2017
LAX,635,12/23/2017
DFW,635,12/24/2017
BDL,635,12/25/2017
DFW,635,12/26/2017
MCI,635,12/27/2017
CLE,635,12/28/2017
CLE,635,12/29/2017
OAK,635,12/30/2017
ACY,635,12/31/2017
ATL,636,12/1/2017
MSP,636,12/2/2017
LBE,636,12/3/2017
MCO,636,12/4/2017
TPA,636,12/5/2017
CLE,636,12/6/2017
CLE,636,12/7/2017
LAX,636,12/8/2017
DFW,636,12/9/2017
DTW,636,12/10/2017
RSW,636,12/11/2017
MSP,636,12/12/2017
MCO,636,12/13/2017
LAS,636,12/14/2017
DFW,636,12/15/2017
BDL,636,12/16/2017
DFW,636,12/17/2017
IAH,636,12/18/2017
DFW,636,12/20/2017
LBE,636,12/21/2017
MCO,636,12/22/2017
DTW,636,12/23/2017
DTW,636,12/24/2017
MCO,636,12/25/2017
PHL,636,12/26/2017
FLL,636,12/27/2017
SEA,636,12/28/2017
DFW,636,12/29/2017
DTW,636,12/30/2017
DTW,636,12/31/2017
LAS,637,12/1/2017
DFW,637,12/2/2017
DTW,637,12/3/2017
BOS,637,12/4/2017
ACY,637,12/5/2017
ACY,637,12/6/2017
ACY,637,12/7/2017
MCO,637,12/8/2017
PHL,637,12/9/2017
PIT,637,12/10/2017
ORD,637,12/11/2017
BOS,637,12/12/2017
MSP,637,12/13/2017
MCO,637,12/14/2017
LAS,637,12/15/2017
BWI,637,12/16/2017
IAH,637,12/17/2017
DFW,637,12/19/2017
FLL,637,12/20/2017
FLL,637,12/21/2017
SEA,637,12/22/2017
DFW,637,12/23/2017
IAH,637,12/24/2017
DFW,637,12/25/2017
DTW,637,12/26/2017
MCO,637,12/27/2017
PTY,637,12/28/2017
LBE,637,12/29/2017
MCO,637,12/30/2017
FLL,637,12/31/2017
IAG,638,12/1/2017
SEA,638,12/2/2017
DFW,638,12/3/2017
LAS,638,12/4/2017
LAS,638,12/6/2017
ATL,638,12/7/2017
MCO,638,12/8/2017
BWI,638,12/9/2017
BOS,638,12/10/2017
ACY,638,12/11/2017
FLL,638,12/12/2017
SEA,638,12/13/2017
DTW,638,12/14/2017
DTW,638,12/15/2017
DTW,638,12/16/2017
DTW,638,12/17/2017
DTW,638,12/18/2017
DTW,638,12/19/2017
OAK,638,12/20/2017
ACY,638,12/21/2017
FLL,638,12/22/2017
FLL,638,12/23/2017
SEA,638,12/24/2017
DFW,638,12/25/2017
DTW,638,12/26/2017
MSP,638,12/27/2017
LBE,638,12/28/2017
MCO,638,12/29/2017
FLL,638,12/30/2017
PBG,638,12/31/2017
SEA,639,12/1/2017
DFW,639,12/2/2017
CLE,639,12/3/2017
CLE,639,12/4/2017
LAX,639,12/5/2017
DFW,639,12/6/2017
LAS,639,12/7/2017
PIT,639,12/8/2017
ORD,639,12/9/2017
ATL,639,12/10/2017
DTW,639,12/11/2017
DTW,639,12/12/2017
DTW,639,12/13/2017
MCO,639,12/14/2017
PBG,639,12/15/2017
PHX,639,12/16/2017
PHX,639,12/17/2017
LAS,639,12/18/2017
DFW,639,12/19/2017
DTW,639,12/20/2017
DTW,639,12/21/2017
MCO,639,12/22/2017
SEA,639,12/23/2017
DFW,639,12/24/2017
EWR,639,12/25/2017
TPA,639,12/26/2017
PTY,639,12/27/2017
BOS,639,12/28/2017
LAS,639,12/29/2017
DFW,639,12/30/2017
LAS,639,12/31/2017
DFW,640,12/1/2017
IAH,640,12/2/2017
DFW,640,12/3/2017
CLE,640,12/4/2017
CLE,640,12/6/2017
LAX,640,12/7/2017
DFW,640,12/8/2017
DFW,640,12/9/2017
MCI,640,12/10/2017
DTW,640,12/11/2017
FLL,640,12/12/2017
PHL,640,12/13/2017
FLL,640,12/14/2017
LBE,640,12/15/2017
DFW,640,12/16/2017
EWR,640,12/17/2017
LBE,640,12/18/2017
MCO,640,12/19/2017
DTW,640,12/20/2017
DTW,640,12/21/2017
OAK,640,12/22/2017
ACY,640,12/23/2017
MCO,640,12/24/2017
FLL,640,12/25/2017
MSP,640,12/26/2017
PIT,640,12/27/2017
ORD,640,12/28/2017
BOS,640,12/29/2017
BWI,640,12/30/2017
ACY,640,12/31/2017
DFW,641,12/1/2017
BDL,641,12/2/2017
LAS,641,12/3/2017
IAH,641,12/4/2017
DFW,641,12/5/2017
LAX,641,12/6/2017
DFW,641,12/7/2017
BDL,641,12/8/2017
DFW,641,12/9/2017
BDL,641,12/10/2017
DFW,641,12/11/2017
PTY,641,12/12/2017
FLL,641,12/13/2017
FLL,641,12/14/2017
MSP,641,12/15/2017
ATL,641,12/16/2017
MCO,641,12/17/2017
SEA,641,12/18/2017
DFW,641,12/19/2017
DFW,641,12/20/2017
LAX,641,12/21/2017
DFW,641,12/22/2017
DFW,641,12/23/2017
MCI,641,12/24/2017
CLE,641,12/25/2017
CLE,641,12/26/2017
LAX,641,12/27/2017
DFW,641,12/28/2017
MCI,641,12/29/2017
CLE,641,12/30/2017
CLE,641,12/31/2017
DFW,642,12/1/2017
DTW,642,12/2/2017
OAK,642,12/3/2017
ACY,642,12/4/2017
TPA,642,12/5/2017
LAS,642,12/6/2017
ACY,642,12/7/2017
FLL,642,12/8/2017
MCO,642,12/9/2017
MCO,642,12/10/2017
IAG,642,12/11/2017
FLL,642,12/12/2017
FLL,642,12/13/2017
ACY,642,12/14/2017
FLL,642,12/15/2017
LBE,642,12/16/2017
MCO,642,12/17/2017
PHL,642,12/18/2017
FLL,642,12/19/2017
MSP,642,12/20/2017
OAK,642,12/21/2017
ACY,642,12/22/2017
FLL,642,12/23/2017
BWI,642,12/24/2017
LAS,642,12/25/2017
EWR,642,12/26/2017
MSP,642,12/27/2017
ATL,642,12/28/2017
MCO,642,12/29/2017
PTY,642,12/30/2017
BWI,642,12/31/2017
MSP,643,12/1/2017
LBE,643,12/2/2017
DFW,643,12/3/2017
BDL,643,12/4/2017
DFW,643,12/5/2017
DFW,643,12/6/2017
CLE,643,12/7/2017
CLE,643,12/8/2017
RSW,643,12/9/2017
MSP,643,12/10/2017
ATL,643,12/11/2017
MCO,643,12/12/2017
LBE,643,12/13/2017
MSP,643,12/14/2017
ATL,643,12/15/2017
MCO,643,12/16/2017
FLL,643,12/17/2017
MSP,643,12/18/2017
ATL,643,12/19/2017
SEA,643,12/20/2017
DTW,643,12/21/2017
MSP,643,12/22/2017
MCO,643,12/23/2017
FLL,643,12/24/2017
TPA,643,12/25/2017
PBG,643,12/26/2017
SEA,643,12/27/2017
DFW,643,12/28/2017
EWR,643,12/29/2017
MSP,643,12/30/2017
ATL,643,12/31/2017
EWR,644,12/1/2017
TPA,644,12/2/2017
ATL,644,12/3/2017
MSP,644,12/4/2017
MCO,644,12/5/2017
LBE,644,12/6/2017
FLL,644,12/7/2017
MCO,644,12/8/2017
MSP,644,12/9/2017
MCO,644,12/10/2017
DFW,644,12/11/2017
LAS,644,12/12/2017
DTW,644,12/13/2017
DTW,644,12/14/2017
OAK,644,12/15/2017
ACY,644,12/16/2017
FLL,644,12/17/2017
RSW,644,12/18/2017
MSP,644,12/19/2017
RSW,644,12/20/2017
MSP,644,12/21/2017
MCO,644,12/22/2017
FLL,644,12/23/2017
BOS,644,12/24/2017
LAS,644,12/25/2017
LAS,644,12/26/2017
IAH,644,12/27/2017
DFW,644,12/28/2017
LAS,644,12/29/2017
DFW,644,12/30/2017
MCI,644,12/31/2017
DFW,645,12/1/2017
EWR,645,12/2/2017
MSP,645,12/3/2017
ATL,645,12/4/2017
MCO,645,12/5/2017
MSP,645,12/6/2017
MCO,645,12/7/2017
PHL,645,12/8/2017
DTW,645,12/9/2017
OAK,645,12/10/2017
ACY,645,12/11/2017
MCO,645,12/12/2017
LAS,645,12/13/2017
DFW,645,12/14/2017
IAH,645,12/15/2017
DFW,645,12/16/2017
PHL,645,12/17/2017
LAX,645,12/18/2017
DFW,645,12/20/2017
LAS,645,12/21/2017
DFW,645,12/22/2017
DTW,645,12/23/2017
DFW,645,12/24/2017
LAS,645,12/25/2017
PIT,645,12/26/2017
ORD,645,12/27/2017
BOS,645,12/28/2017
BWI,645,12/29/2017
LAS,645,12/30/2017
DTW,645,12/31/2017
PIT,646,12/1/2017
ORD,646,12/2/2017
BOS,646,12/3/2017
ACY,646,12/4/2017
MCO,646,12/5/2017
FLL,646,12/6/2017
LAS,646,12/7/2017
DFW,646,12/8/2017
MCI,646,12/9/2017
DTW,646,12/10/2017
OAK,646,12/11/2017
ACY,646,12/12/2017
TPA,646,12/13/2017
DTW,646,12/14/2017
DTW,646,12/15/2017
OAK,646,12/16/2017
DTW,646,12/19/2017
LBE,646,12/20/2017
MCO,646,12/21/2017
FLL,646,12/22/2017
BWI,646,12/23/2017
LAS,646,12/24/2017
DTW,646,12/25/2017
MSP,646,12/26/2017
MCO,646,12/27/2017
PHL,646,12/28/2017
PBI,646,12/29/2017
FLL,646,12/30/2017
RSW,646,12/31/2017
FLL,647,12/1/2017
IAG,647,12/2/2017
SEA,647,12/3/2017
DFW,647,12/4/2017
EWR,647,12/5/2017
STI,647,12/6/2017
SEA,647,12/7/2017
DFW,647,12/8/2017
DTW,647,12/9/2017
PBG,647,12/10/2017
FLL,647,12/11/2017
CLE,647,12/12/2017
CLE,647,12/13/2017
LAX,647,12/14/2017
DFW,647,12/15/2017
IAH,647,12/16/2017
DFW,647,12/17/2017
DTW,647,12/18/2017
OAK,647,12/19/2017
ACY,647,12/20/2017
ACY,647,12/21/2017
MCO,647,12/22/2017
PHL,647,12/23/2017
FLL,647,12/24/2017
SEA,647,12/25/2017
DFW,647,12/26/2017
EWR,647,12/27/2017
MSP,647,12/28/2017
ATL,647,12/29/2017
MCO,647,12/30/2017
FLL,647,12/31/2017
BWI,648,12/1/2017
LAS,648,12/2/2017
FLL,648,12/3/2017
IAG,648,12/4/2017
LBE,648,12/5/2017
MCO,648,12/7/2017
FLL,648,12/8/2017
LAX,648,12/9/2017
DFW,648,12/10/2017
EWR,648,12/11/2017
TPA,648,12/12/2017
PIT,648,12/13/2017
CLE,648,12/14/2017
LAX,648,12/15/2017
DFW,648,12/16/2017
LAS,648,12/17/2017
EWR,648,12/18/2017
TPA,648,12/19/2017
PIT,648,12/20/2017
BOS,648,12/21/2017
BWI,648,12/22/2017
ACY,648,12/23/2017
FLL,648,12/24/2017
LBE,648,12/25/2017
MCO,648,12/26/2017
DTW,648,12/27/2017
RSW,648,12/28/2017
DTW,648,12/29/2017
DTW,648,12/30/2017
MSP,648,12/31/2017
LAS,649,12/1/2017
LAS,649,12/2/2017
DFW,649,12/3/2017
EWR,649,12/4/2017
MSP,649,12/5/2017
BOS,649,12/6/2017
MSP,649,12/7/2017
LBE,649,12/8/2017
MCO,649,12/9/2017
BWI,649,12/10/2017
LAS,649,12/11/2017
PIT,649,12/12/2017
MCO,649,12/13/2017
ACY,649,12/14/2017
MCO,649,12/15/2017
PHL,649,12/16/2017
FLL,649,12/17/2017
FLL,649,12/18/2017
PTY,649,12/19/2017
MCO,649,12/20/2017
PHL,649,12/21/2017
FLL,649,12/22/2017
TPA,649,12/23/2017
PBG,649,12/24/2017
BWI,649,12/25/2017
DTW,649,12/26/2017
DTW,649,12/27/2017
MSP,649,12/28/2017
RSW,649,12/29/2017
DTW,649,12/30/2017
MCO,649,12/31/2017
DFW,650,12/1/2017
DFW,650,12/2/2017
EWR,650,12/3/2017
MSP,650,12/4/2017
ATL,650,12/5/2017
DTW,650,12/6/2017
DTW,650,12/7/2017
DTW,650,12/8/2017
PBG,650,12/9/2017
FLL,650,12/10/2017
SEA,650,12/11/2017
DFW,650,12/13/2017
CLE,650,12/14/2017
CLE,650,12/15/2017
LAX,650,12/16/2017
DFW,650,12/17/2017
DFW,650,12/18/2017
EWR,650,12/19/2017
ORD,650,12/20/2017
EWR,650,12/21/2017
MSP,650,12/22/2017
ATL,650,12/23/2017
MCO,650,12/24/2017
PHL,650,12/25/2017
FLL,650,12/26/2017
LBE,650,12/27/2017
MCO,650,12/28/2017
PHL,650,12/29/2017
BWI,650,12/30/2017
LAS,650,12/31/2017
YYR,651,12/15/2017
XFW,651,12/15/2017
DTW,651,12/18/2017
DTW,651,12/21/2017
DTW,651,12/22/2017
DTW,651,12/23/2017
MCO,651,12/24/2017
DTW,651,12/25/2017
MCO,651,12/26/2017
PHL,651,12/27/2017
FLL,651,12/28/2017
SEA,651,12/29/2017
DFW,651,12/30/2017
EWR,651,12/31/2017
XFW,652,12/22/2017
CLE,652,12/24/2017
CLE,652,12/25/2017
DTW,652,12/26/2017
DTW,652,12/27/2017
ACY,652,12/28/2017
MCO,652,12/29/2017
DTW,652,12/30/2017
OAK,652,12/31/2017
IAH,657,12/1/2017
ATL,657,12/2/2017
IAH,657,12/3/2017
ATL,657,12/4/2017
IAH,657,12/5/2017
ATL,657,12/6/2017
EWR,657,12/7/2017
ATL,657,12/8/2017
IAH,657,12/9/2017
ATL,657,12/10/2017
IAH,657,12/11/2017
ATL,657,12/12/2017
IAH,657,12/13/2017
ATL,657,12/14/2017
IAH,657,12/15/2017
ATL,657,12/16/2017
IAH,657,12/17/2017
IAH,657,12/18/2017
IAH,657,12/19/2017
ATL,657,12/20/2017
IAH,657,12/21/2017
IAH,657,12/22/2017
IAH,657,12/23/2017
ATL,657,12/24/2017
IAH,657,12/25/2017
IAH,657,12/26/2017
IAH,657,12/27/2017
IAH,657,12/28/2017
IAH,657,12/29/2017
IAH,657,12/30/2017
IAH,657,12/31/2017
MCO,658,12/1/2017
FLL,658,12/2/2017
ACY,658,12/3/2017
FLL,658,12/4/2017
FLL,658,12/5/2017
MCO,658,12/6/2017
FLL,658,12/7/2017
FLL,658,12/8/2017
ATL,658,12/9/2017
LGA,658,12/10/2017
ORD,658,12/11/2017
ORD,658,12/12/2017
FLL,658,12/13/2017
ORD,658,12/14/2017
MGA,658,12/15/2017
DTW,658,12/16/2017
MGA,658,12/17/2017
DTW,658,12/18/2017
FLL,658,12/19/2017
DFW,658,12/20/2017
FLL,658,12/21/2017
ATL,658,12/22/2017
IAH,658,12/23/2017
IAH,658,12/24/2017
IAH,658,12/25/2017
ATL,658,12/26/2017
DTW,658,12/27/2017
FLL,658,12/28/2017
DTW,658,12/29/2017
BWI,658,12/30/2017
DTW,658,12/31/2017
MGA,659,12/1/2017
ATL,659,12/2/2017
LGA,659,12/3/2017
ORD,659,12/4/2017
LGA,659,12/5/2017
FLL,659,12/6/2017
ORD,659,12/7/2017
LGA,659,12/8/2017
FLL,659,12/9/2017
DTW,659,12/10/2017
DTW,659,12/11/2017
DTW,659,12/12/2017
DTW,659,12/13/2017
IAH,659,12/14/2017
DTW,659,12/15/2017
STI,659,12/16/2017
FLL,659,12/17/2017
SJO,659,12/18/2017
ACY,659,12/19/2017
MCO,659,12/20/2017
ACY,659,12/21/2017
FLL,659,12/22/2017
ATL,659,12/23/2017
SJO,659,12/24/2017
FLL,659,12/25/2017
ACY,659,12/26/2017
FLL,659,12/27/2017
ACY,659,12/28/2017
FLL,659,12/29/2017
ORD,659,12/30/2017
SJO,659,12/31/2017
DTW,660,12/1/2017
DTW,660,12/2/2017
BWI,660,12/3/2017
DTW,660,12/4/2017
BWI,660,12/5/2017
DTW,660,12/6/2017
DTW,660,12/7/2017
MGA,660,12/8/2017
FLL,660,12/9/2017
MGA,660,12/10/2017
SAP,660,12/11/2017
SAP,660,12/12/2017
MCO,660,12/13/2017
ACY,660,12/14/2017
FLL,660,12/15/2017
EWR,660,12/16/2017
ATL,660,12/17/2017
DTW,660,12/18/2017
LGA,660,12/19/2017
LGA,660,12/20/2017
ORD,660,12/21/2017
FLL,660,12/22/2017
DTW,660,12/23/2017
FLL,660,12/24/2017
FLL,660,12/25/2017
FLL,660,12/26/2017
MCO,660,12/27/2017
SAP,660,12/28/2017
EWR,660,12/29/2017
MGA,660,12/30/2017
ORD,660,12/31/2017
FLL,661,12/1/2017
ORD,661,12/2/2017
FLL,661,12/3/2017
DTW,661,12/4/2017
DTW,661,12/5/2017
DTW,661,12/6/2017
BWI,661,12/7/2017
DTW,661,12/8/2017
BWI,661,12/9/2017
DTW,661,12/10/2017
FLL,661,12/11/2017
MCO,661,12/12/2017
ACY,661,12/13/2017
FLL,661,12/14/2017
MCO,661,12/15/2017
SAP,661,12/16/2017
EWR,661,12/17/2017
FLL,661,12/18/2017
DTW,661,12/19/2017
EWR,661,12/20/2017
EWR,661,12/21/2017
SJO,661,12/22/2017
EWR,661,12/23/2017
FLL,661,12/24/2017
ACY,661,12/25/2017
FLL,661,12/26/2017
ATL,661,12/27/2017
EWR,661,12/28/2017
SJO,661,12/29/2017
EWR,661,12/30/2017
ORD,661,12/31/2017
BQN,662,12/2/2017
FLL,662,12/3/2017
SAP,662,12/4/2017
SAP,662,12/5/2017
SAP,662,12/6/2017
ORD,662,12/7/2017
FLL,662,12/8/2017
SAP,662,12/9/2017
FLL,662,12/10/2017
FLL,662,12/11/2017
ATL,662,12/12/2017
FLL,662,12/13/2017
DTW,662,12/14/2017
ORD,662,12/15/2017
ORD,662,12/16/2017
DTW,662,12/17/2017
LGA,662,12/18/2017
FLL,662,12/19/2017
MCO,662,12/21/2017
FLL,662,12/22/2017
FLL,662,12/23/2017
ORD,662,12/24/2017
FLL,662,12/25/2017
MCO,662,12/26/2017
SAP,662,12/27/2017
MCO,662,12/28/2017
SAP,662,12/29/2017
DTW,662,12/30/2017
STI,662,12/31/2017
ORD,663,12/1/2017
LGA,663,12/2/2017
FLL,663,12/3/2017
MCO,663,12/4/2017
FLL,663,12/5/2017
SJO,663,12/6/2017
ATL,663,12/7/2017
IAH,663,12/8/2017
IAH,663,12/9/2017
IAH,663,12/10/2017
ATL,663,12/11/2017
IAH,663,12/12/2017
MCO,663,12/14/2017
SAP,663,12/15/2017
ACY,663,12/16/2017
FLL,663,12/17/2017
ORD,663,12/18/2017
MGA,663,12/19/2017
ACY,663,12/20/2017
FLL,663,12/21/2017
ORD,663,12/22/2017
MGA,663,12/23/2017
EWR,663,12/24/2017
SJO,663,12/25/2017
ORD,663,12/26/2017
MGA,663,12/27/2017
ORD,663,12/28/2017
MGA,663,12/29/2017
MCO,663,12/30/2017
MGA,663,12/31/2017
DTW,664,12/1/2017
ORD,664,12/2/2017
DTW,664,12/3/2017
LGA,664,12/4/2017
FLL,664,12/5/2017
FLL,664,12/6/2017
FLL,664,12/7/2017
FLL,664,12/8/2017
ORD,664,12/9/2017
FLL,664,12/10/2017
DTW,664,12/11/2017
FLL,664,12/12/2017
SAP,664,12/13/2017
ATL,664,12/14/2017
DTW,664,12/15/2017
LGA,664,12/16/2017
LGA,664,12/17/2017
FLL,664,12/18/2017
ORD,664,12/19/2017
FLL,664,12/20/2017
DTW,664,12/21/2017
DTW,664,12/22/2017
STI,664,12/23/2017
ORD,664,12/24/2017
MGA,664,12/25/2017
SAP,664,12/26/2017
ACY,664,12/27/2017
FLL,664,12/28/2017
ACY,664,12/29/2017
FLL,664,12/30/2017
ACY,664,12/31/2017
ORD,665,12/1/2017
ORD,665,12/2/2017
ORD,665,12/3/2017
FLL,665,12/4/2017
ORD,665,12/5/2017
DTW,665,12/6/2017
LGA,665,12/7/2017
FLL,665,12/8/2017
ACY,665,12/9/2017
FLL,665,12/10/2017
ORD,665,12/11/2017
MGA,665,12/12/2017
LGA,665,12/13/2017
DTW,665,12/14/2017
BWI,665,12/15/2017
DTW,665,12/16/2017
BWI,665,12/17/2017
DTW,665,12/18/2017
DTW,665,12/19/2017
DTW,665,12/20/2017
DTW,665,12/21/2017
STI,665,12/22/2017
FLL,665,12/23/2017
FLL,665,12/24/2017
ATL,665,12/25/2017
IAH,665,12/26/2017
ATL,665,12/27/2017
IAH,665,12/28/2017
ATL,665,12/29/2017
ATL,665,12/30/2017
ATL,665,12/31/2017
ATL,667,12/1/2017
IAH,667,12/2/2017
ATL,667,12/3/2017
FLL,667,12/4/2017
DTW,667,12/5/2017
BWI,667,12/6/2017
DTW,667,12/7/2017
SAP,667,12/8/2017
FLL,667,12/9/2017
FLL,667,12/10/2017
ACY,667,12/11/2017
FLL,667,12/12/2017
DTW,667,12/13/2017
SAP,667,12/14/2017
DTW,667,12/15/2017
DTW,667,12/16/2017
DTW,667,12/17/2017
DTW,667,12/18/2017
BWI,667,12/19/2017
DTW,667,12/20/2017
DTW,667,12/21/2017
BWI,667,12/22/2017
DTW,667,12/23/2017
DTW,667,12/24/2017
DTW,667,12/25/2017
FLL,667,12/26/2017
DTW,667,12/27/2017
SJO,667,12/28/2017
MCO,667,12/29/2017
SAP,667,12/30/2017
EWR,667,12/31/2017
FLL,668,12/1/2017
MCO,668,12/2/2017
MGA,668,12/3/2017
ATL,668,12/4/2017
ORD,668,12/5/2017
FLL,668,12/6/2017
DTW,668,12/7/2017
DTW,668,12/8/2017
DTW,668,12/9/2017
DTW,668,12/10/2017
BWI,668,12/11/2017
DTW,668,12/12/2017
DTW,668,12/13/2017
RSW,668,12/14/2017
STI,668,12/15/2017
ORD,668,12/16/2017
STI,668,12/17/2017
MCO,668,12/18/2017
FLL,668,12/19/2017
ORD,668,12/20/2017
MGA,668,12/21/2017
MGA,668,12/22/2017
MCO,668,12/23/2017
SAP,668,12/24/2017
ORD,668,12/25/2017
MGA,668,12/26/2017
EWR,668,12/27/2017
FLL,668,12/28/2017
ORD,668,12/29/2017
FLL,668,12/30/2017
MCO,668,12/31/2017
SAP,669,12/1/2017
ACY,669,12/2/2017
FLL,669,12/3/2017
EWR,669,12/4/2017
ATL,669,12/5/2017
EWR,669,12/6/2017
FLL,669,12/7/2017
MCO,669,12/8/2017
FLL,669,12/9/2017
FLL,669,12/10/2017
FLL,669,12/11/2017
FLL,669,12/12/2017
FLL,669,12/13/2017
FLL,669,12/14/2017
SJO,669,12/15/2017
FLL,669,12/16/2017
MCO,669,12/17/2017
ORD,669,12/18/2017
ORD,669,12/19/2017
FLL,669,12/20/2017
ORD,669,12/21/2017
SAP,669,12/22/2017
ORD,669,12/23/2017
MGA,669,12/24/2017
DTW,669,12/25/2017
BWI,669,12/26/2017
DTW,669,12/27/2017
LGA,669,12/28/2017
DTW,669,12/29/2017
STI,669,12/30/2017
FLL,669,12/31/2017
ORD,670,12/1/2017
SJO,670,12/2/2017
ORD,670,12/3/2017
DTW,670,12/4/2017
MGA,670,12/5/2017
FLL,670,12/6/2017
SAP,670,12/7/2017
EWR,670,12/8/2017
SJO,670,12/9/2017
EWR,670,12/10/2017
ATL,670,12/11/2017
DTW,670,12/12/2017
FLL,670,12/13/2017
SJO,670,12/14/2017
FLL,670,12/15/2017
SJO,670,12/16/2017
SJO,670,12/17/2017
ACY,670,12/18/2017
FLL,670,12/19/2017
FLL,670,12/20/2017
ATL,670,12/21/2017
ATL,670,12/22/2017
LGA,670,12/23/2017
DTW,670,12/24/2017
ORD,670,12/25/2017
EWR,670,12/26/2017
FLL,670,12/27/2017
FLL,670,12/28/2017
FLL,670,12/29/2017
ORD,670,12/30/2017
SAP,670,12/31/2017
FLL,671,12/1/2017
EWR,671,12/2/2017
ATL,671,12/3/2017
IAH,671,12/4/2017
ATL,671,12/5/2017
IAH,671,12/6/2017
ATL,671,12/7/2017
DTW,671,12/8/2017
ORD,671,12/9/2017
ORD,671,12/10/2017
LGA,671,12/11/2017
FLL,671,12/12/2017
ORD,671,12/13/2017
MGA,671,12/14/2017
ACY,671,12/15/2017
FLL,671,12/16/2017
ORD,671,12/17/2017
MGA,671,12/18/2017
FLL,671,12/19/2017
MGA,671,12/20/2017
FLL,671,12/21/2017
EWR,671,12/22/2017
SJO,671,12/23/2017
DTW,671,12/24/2017
FLL,671,12/25/2017
FLL,671,12/26/2017
FLL,671,12/27/2017
BWI,671,12/28/2017
DTW,671,12/29/2017
FLL,671,12/30/2017
DTW,671,12/31/2017
DTW,672,12/1/2017
DTW,672,12/2/2017
FLL,672,12/3/2017
FLL,672,12/4/2017
MCO,672,12/5/2017
ACY,672,12/6/2017
MGA,672,12/7/2017
DTW,672,12/8/2017
FLL,672,12/9/2017
MCO,672,12/10/2017
MGA,672,12/11/2017
EWR,672,12/12/2017
SJO,672,12/13/2017
FLL,672,12/14/2017
EWR,672,12/15/2017
ATL,672,12/16/2017
FLL,672,12/17/2017
EWR,672,12/18/2017
ATL,672,12/19/2017
IAH,672,12/20/2017
IAH,672,12/21/2017
ATL,672,12/22/2017
ATL,672,12/23/2017
ATL,672,12/24/2017
ATL,672,12/25/2017
FLL,672,12/26/2017
ORD,672,12/27/2017
MGA,672,12/28/2017
ATL,672,12/29/2017
IAH,672,12/30/2017
ATL,672,12/31/2017
PBG,673,12/1/2017
FLL,673,12/2/2017
DTW,673,12/3/2017
MGA,673,12/4/2017
EWR,673,12/5/2017
FLL,673,12/6/2017
DFW,673,12/7/2017
FLL,673,12/8/2017
DTW,673,12/9/2017
SJO,673,12/10/2017
EWR,673,12/11/2017
FLL,673,12/12/2017
ORD,673,12/13/2017
LGA,673,12/14/2017
FLL,673,12/15/2017
MCO,673,12/16/2017
SAP,673,12/17/2017
FLL,673,12/18/2017
DTW,673,12/19/2017
BWI,673,12/20/2017
ATL,673,12/21/2017
IAH,673,12/22/2017
ATL,673,12/23/2017
IAH,673,12/24/2017
ATL,673,12/25/2017
ATL,673,12/26/2017
ATL,673,12/27/2017
ATL,673,12/28/2017
ATL,673,12/29/2017
DTW,673,12/30/2017
BWI,673,12/31/2017
EWR,674,12/1/2017
FLL,674,12/2/2017
EWR,674,12/3/2017
FLL,674,12/4/2017
FLL,674,12/5/2017
ORD,674,12/6/2017
FLL,674,12/7/2017
ORD,674,12/8/2017
MGA,674,12/9/2017
ATL,674,12/10/2017
DTW,674,12/11/2017
LGA,674,12/12/2017
EWR,674,12/13/2017
EWR,674,12/14/2017
ATL,674,12/15/2017
DTW,674,12/16/2017
ORD,674,12/17/2017
FLL,674,12/18/2017
EWR,674,12/19/2017
DTW,674,12/20/2017
BWI,674,12/21/2017
DTW,674,12/22/2017
DTW,674,12/23/2017
STI,674,12/24/2017
EWR,674,12/25/2017
SJO,674,12/26/2017
SJO,674,12/27/2017
FLL,674,12/28/2017
FLL,674,12/29/2017
ACY,674,12/30/2017
FLL,674,12/31/2017
LGA,675,12/1/2017
BWI,675,12/2/2017
DTW,675,12/3/2017
BWI,675,12/4/2017
DTW,675,12/5/2017
LGA,675,12/6/2017
SJO,675,12/7/2017
ACY,675,12/8/2017
FLL,675,12/9/2017
ACY,675,12/10/2017
FLL,675,12/11/2017
DTW,675,12/12/2017
BWI,675,12/13/2017
DTW,675,12/14/2017
IAH,675,12/15/2017
IAH,675,12/16/2017
IAH,675,12/17/2017
IAH,675,12/18/2017
ATL,675,12/19/2017
ORD,675,12/20/2017
LGA,675,12/21/2017
ORD,675,12/22/2017
BWI,675,12/23/2017
DTW,675,12/24/2017
BWI,675,12/25/2017
DTW,675,12/26/2017
BWI,675,12/27/2017
DTW,675,12/28/2017
BWI,675,12/29/2017
DTW,675,12/30/2017
FLL,675,12/31/2017
DTW,676,12/1/2017
MGA,676,12/2/2017
SJO,676,12/3/2017
ACY,676,12/4/2017
FLL,676,12/5/2017
ORD,676,12/6/2017
DTW,676,12/7/2017
ORD,676,12/8/2017
LGA,676,12/9/2017
DTW,676,12/10/2017
FLL,676,12/11/2017
ORD,676,12/12/2017
ATL,676,12/13/2017
IAH,676,12/14/2017
ATL,676,12/15/2017
IAH,676,12/16/2017
ATL,676,12/17/2017
IAH,676,12/18/2017
IAH,676,12/19/2017
IAH,676,12/20/2017
ATL,676,12/21/2017
LGA,676,12/22/2017
ORD,676,12/23/2017
LGA,676,12/24/2017
LGA,676,12/25/2017
DTW,676,12/26/2017
LGA,676,12/27/2017
DTW,676,12/28/2017
LGA,676,12/29/2017
LGA,676,12/30/2017
LGA,676,12/31/2017
ATL,677,12/1/2017
FLL,677,12/2/2017
MCO,677,12/3/2017
PBG,677,12/4/2017
ACY,677,12/5/2017
MCO,677,12/7/2017
FLL,677,12/8/2017
MCO,677,12/9/2017
BWI,677,12/10/2017
FLL,677,12/13/2017
ORD,677,12/14/2017
LGA,677,12/15/2017
FLL,677,12/16/2017
DTW,677,12/17/2017
SAP,677,12/18/2017
SJO,677,12/19/2017
SJO,677,12/20/2017
FLL,677,12/21/2017
FLL,677,12/22/2017
ACY,677,12/23/2017
FLL,677,12/24/2017
MCO,677,12/25/2017
ORD,677,12/26/2017
FLL,677,12/27/2017
ATL,677,12/28/2017
ORD,677,12/29/2017
SJO,677,12/30/2017
ATL,677,12/31/2017
ACY,678,12/1/2017
FLL,678,12/2/2017
FLL,678,12/3/2017
ORD,678,12/4/2017
FLL,678,12/5/2017
ATL,678,12/6/2017
IAH,678,12/7/2017
ATL,678,12/8/2017
DTW,678,12/9/2017
BWI,678,12/10/2017
DTW,678,12/11/2017
BWI,678,12/12/2017
DTW,678,12/13/2017
BWI,678,12/14/2017
DTW,678,12/15/2017
BWI,678,12/16/2017
DTW,678,12/17/2017
BWI,678,12/18/2017
DTW,678,12/19/2017
DTW,678,12/20/2017
FLL,678,12/21/2017
DTW,678,12/22/2017
FLL,678,12/23/2017
MCO,678,12/24/2017
SAP,678,12/25/2017
ATL,678,12/26/2017
IAH,678,12/27/2017
ATL,678,12/28/2017
IAH,678,12/29/2017
ATL,678,12/30/2017
IAH,678,12/31/2017
BWI,679,12/1/2017
DTW,679,12/2/2017
ORD,679,12/3/2017
ORD,679,12/4/2017
ORD,679,12/7/2017
ORD,679,12/8/2017
ORD,679,12/9/2017
ORD,679,12/10/2017
ORD,679,12/11/2017
ORD,679,12/14/2017
ORD,679,12/15/2017
MGA,679,12/16/2017
ACY,679,12/17/2017
FLL,679,12/18/2017
MCO,679,12/19/2017
STI,679,12/20/2017
SJO,679,12/21/2017
MCO,679,12/22/2017
SAP,679,12/23/2017
ACY,679,12/24/2017
FLL,679,12/25/2017
DTW,679,12/26/2017
STI,679,12/27/2017
DTW,679,12/28/2017
STI,679,12/29/2017
ATL,679,12/30/2017
DTW,679,12/31/2017
FLL,680,12/1/2017
DTW,680,12/2/2017
DTW,680,12/3/2017
DTW,680,12/4/2017
DTW,680,12/5/2017
DTW,680,12/6/2017
ACY,680,12/7/2017
FLL,680,12/8/2017
FLL,680,12/9/2017
ORD,680,12/10/2017
FLL,680,12/11/2017
ACY,680,12/12/2017
ATL,680,12/13/2017
FLL,680,12/14/2017
ORD,680,12/15/2017
ORD,680,12/16/2017
ORD,680,12/17/2017
ORD,680,12/18/2017
ORD,680,12/19/2017
DFW,680,12/20/2017
ORD,680,12/21/2017
ORD,680,12/22/2017
ORD,680,12/23/2017
ORD,680,12/24/2017
ORD,680,12/25/2017
ORD,680,12/26/2017
ORD,680,12/27/2017
ORD,680,12/28/2017
ORD,680,12/29/2017
ORD,680,12/30/2017
ORD,680,12/31/2017
DTW,681,12/2/2017
DFW,681,12/6/2017
FLL,681,12/7/2017
FLL,681,12/8/2017
DTW,681,12/9/2017
FLL,681,12/10/2017
MCO,681,12/11/2017
FLL,681,12/12/2017
FLL,681,12/15/2017
MCO,681,12/16/2017
MCO,681,12/17/2017
IAG,681,12/18/2017
FLL,681,12/19/2017
ATL,681,12/20/2017
FLL,681,12/21/2017
ACY,681,12/22/2017
FLL,681,12/23/2017
ATL,681,12/24/2017
DTW,681,12/25/2017
LGA,681,12/26/2017
ORD,681,12/27/2017
ORD,681,12/28/2017
FLL,681,12/29/2017
FLL,681,12/30/2017
FLL,681,12/31/2017
BFM,682,12/19/2017
DTW,682,12/21/2017
DTW,682,12/22/2017
DTW,682,12/23/2017
BWI,682,12/24/2017
DTW,682,12/25/2017
DTW,682,12/26/2017
DTW,682,12/27/2017
DTW,682,12/28/2017
DTW,682,12/29/2017
DTW,682,12/30/2017
DTW,682,12/31/2017
ACY,901,12/1/2017
MCO,901,12/2/2017
BWI,901,12/3/2017
LAS,901,12/4/2017
DFW,901,12/5/2017
BDL,901,12/6/2017
DFW,901,12/7/2017
DFW,901,12/8/2017
DFW,901,12/9/2017
DFW,901,12/10/2017
DFW,901,12/11/2017
DFW,901,12/14/2017
PHL,901,12/15/2017
FLL,901,12/16/2017
LBE,901,12/17/2017
MCO,901,12/18/2017
FLL,901,12/19/2017
FLL,901,12/21/2017
LBE,901,12/22/2017
MCO,901,12/23/2017
FLL,901,12/24/2017
RSW,901,12/25/2017
DTW,901,12/26/2017
DTW,901,12/27/2017
OAK,901,12/28/2017
ACY,901,12/29/2017
MCO,901,12/30/2017
DTW,901,12/31/2017
DTW,902,12/1/2017
DTW,902,12/2/2017
DTW,902,12/3/2017
RSW,902,12/4/2017
MSP,902,12/5/2017
DTW,902,12/6/2017
MCO,902,12/7/2017
ORD,902,12/8/2017
ATL,902,12/9/2017
ATL,902,12/10/2017
MCO,902,12/11/2017
BWI,902,12/12/2017
MSY,902,12/13/2017
FLL,902,12/16/2017
IAG,902,12/17/2017
ACY,902,12/18/2017
FLL,902,12/19/2017
LAS,902,12/20/2017
DFW,902,12/21/2017
BDL,902,12/22/2017
DFW,902,12/23/2017
EWR,902,12/24/2017
MSP,902,12/25/2017
ATL,902,12/26/2017
MCO,902,12/27/2017
DTW,902,12/28/2017
DTW,902,12/29/2017
MSP,902,12/30/2017
MSP,902,12/31/2017
FLL,903,12/1/2017
ATL,903,12/2/2017
MCO,903,12/3/2017
PHL,903,12/4/2017
DTW,903,12/5/2017
MCO,903,12/6/2017
MSP,903,12/7/2017
ATL,903,12/8/2017
FLL,903,12/9/2017
FLL,903,12/10/2017
LBE,903,12/11/2017
MCO,903,12/12/2017
ACY,903,12/13/2017
MCO,903,12/14/2017
DFW,903,12/15/2017
LAS,903,12/16/2017
DFW,903,12/17/2017
DFW,903,12/18/2017
DFW,903,12/19/2017
DFW,903,12/21/2017
DFW,903,12/23/2017
DTW,903,12/24/2017
DTW,903,12/25/2017
DTW,903,12/26/2017
OAK,903,12/27/2017
ACY,903,12/28/2017
FLL,903,12/29/2017
RSW,903,12/30/2017
DTW,903,12/31/2017
BDL,904,12/1/2017
DFW,904,12/2/2017
DFW,904,12/8/2017
BDL,904,12/9/2017
DFW,904,12/12/2017
DFW,904,12/13/2017
DFW,904,12/14/2017
DFW,904,12/17/2017
DTW,904,12/18/2017
DFW,904,12/20/2017
MSY,904,12/21/2017
IAH,904,12/23/2017
DFW,904,12/24/2017
DFW,904,12/25/2017
BDL,904,12/26/2017
DFW,904,12/27/2017
LAS,904,12/28/2017
DFW,905,12/21/2017
DFW,905,12/22/2017
DFW,905,12/23/2017
DFW,905,12/25/2017
DFW,905,12/26/2017
PHX,905,12/27/2017
PHX,905,12/28/2017
DTW,905,12/29/2017
DTW,905,12/31/2017
